,time,open,high,low,close,volume
0,2019-07-11,13.33,13.33,13.33,13.33,1305500
1,2019-07-12,14.26,14.26,14.21,14.26,1326000
2,2019-07-15,15.23,15.23,15.18,15.23,1031350
3,2019-07-16,14.21,14.63,14.17,14.17,504010
4,2019-07-17,13.19,13.19,13.19,13.19,29340
5,2019-07-18,12.31,12.31,12.31,12.31,8980
6,2019-07-19,11.48,11.48,11.48,11.48,42520
7,2019-07-22,10.69,10.69,10.69,10.69,180280
8,2019-07-23,9.95,10.65,9.95,10.18,1431110
9,2019-07-24,10.18,10.83,9.49,9.49,396700
10,2019-07-25,8.9,9.54,8.87,9.54,338650
11,2019-07-26,9.07,9.16,8.87,8.87,394470
12,2019-07-29,8.26,8.28,8.25,8.25,183100
13,2019-07-30,7.68,8.2,7.68,7.68,671050
14,2019-07-31,7.68,8.21,7.68,8.21,222070
15,2019-08-01,8.59,8.79,8.59,8.79,253790
16,2019-08-02,9.35,9.4,8.7,8.84,384230
17,2019-08-05,9.44,9.44,9.07,9.44,255240
18,2019-08-06,10.0,10.09,9.54,10.09,118850
19,2019-08-07,10.79,10.79,10.65,10.79,110250
20,2019-08-08,11.48,11.53,10.83,11.53,339980
21,2019-08-09,12.31,12.31,12.31,12.31,231980
22,2019-08-12,13.15,13.15,12.87,13.15,141360
23,2019-08-13,14.03,14.03,14.03,14.03,318490
24,2019-08-14,15.0,15.0,13.06,13.06,746820
25,2019-08-15,12.18,13.93,12.18,13.93,489240
26,2019-08-16,14.91,14.91,13.01,14.91,475980
27,2019-08-19,15.0,15.83,14.91,15.0,144100
28,2019-08-20,14.12,15.6,14.07,14.91,145560
29,2019-08-21,15.0,15.0,13.89,13.89,334230
30,2019-08-22,14.44,14.44,12.92,12.92,246960
31,2019-08-23,12.08,13.7,12.04,13.06,418240
32,2019-08-26,13.06,13.61,12.27,12.31,114060
33,2019-08-27,12.78,13.1,11.85,11.94,166090
34,2019-08-28,11.57,12.45,11.43,11.81,160640
35,2019-08-29,11.11,12.22,11.02,11.11,150310
36,2019-08-30,11.11,11.39,10.37,10.6,219630
37,2019-09-03,10.6,11.11,9.91,11.02,207070
38,2019-09-04,11.02,11.3,10.37,11.11,98940
39,2019-09-05,11.25,11.39,10.74,11.3,103830
40,2019-09-06,10.65,11.53,10.65,11.39,152650
41,2019-09-09,11.39,11.81,11.2,11.39,74680
42,2019-09-10,11.39,11.57,10.93,11.39,92060
43,2019-09-11,11.39,11.43,10.93,11.34,99940
44,2019-09-12,11.11,11.39,10.83,10.83,109220
45,2019-09-13,11.11,11.11,10.69,11.06,106360
46,2019-09-16,11.06,11.2,10.6,10.83,137260
47,2019-09-17,10.97,10.97,10.09,10.28,219220
48,2019-09-18,10.37,10.37,9.81,10.28,75440
49,2019-09-19,10.65,10.65,10.28,10.37,71360
50,2019-09-20,10.51,10.51,9.81,10.42,151380
51,2019-09-23,9.86,10.32,9.86,10.28,65930
52,2019-09-24,10.28,10.28,9.91,10.18,122500
53,2019-09-25,10.18,10.23,9.95,10.18,128740
54,2019-09-26,10.18,10.18,9.81,10.14,46110
55,2019-09-27,10.14,10.65,9.91,10.14,47000
56,2019-09-30,10.18,10.32,9.95,10.28,75110
57,2019-10-01,10.37,10.37,10.09,10.32,58820
58,2019-10-02,10.32,10.32,10.0,10.28,68640
59,2019-10-03,10.28,10.28,10.0,10.28,61580
60,2019-10-04,10.28,10.28,10.0,10.28,37270
61,2019-10-07,10.28,10.28,9.72,9.72,43930
62,2019-10-08,10.0,10.09,9.91,10.05,28560
63,2019-10-09,10.09,10.18,9.91,9.91,20120
64,2019-10-10,10.05,10.18,9.95,10.09,51950
65,2019-10-11,10.09,10.18,9.72,9.81,77570
66,2019-10-14,10.05,10.46,9.35,10.46,296690
67,2019-10-15,11.16,11.16,11.06,11.16,127790
68,2019-10-16,11.67,11.67,11.11,11.2,78170
69,2019-10-17,11.16,11.2,10.56,10.83,79670
70,2019-10-18,10.93,10.97,10.65,10.65,66010
71,2019-10-21,11.02,11.02,10.09,10.83,128420
72,2019-10-22,10.28,10.93,10.28,10.83,117790
73,2019-10-23,10.83,10.83,10.46,10.83,64280
74,2019-10-24,10.83,10.83,10.42,10.74,50330
75,2019-10-25,10.74,10.74,10.18,10.65,62310
76,2019-10-28,10.65,10.74,10.18,10.65,54820
77,2019-10-29,10.74,10.74,10.18,10.18,66530
78,2019-10-30,9.54,10.37,9.54,10.37,76510
79,2019-10-31,10.18,10.51,10.18,10.28,62870
80,2019-11-01,10.56,10.56,9.91,10.37,79930
81,2019-11-04,10.37,10.37,9.86,10.37,82570
82,2019-11-05,9.95,10.37,9.86,10.37,170270
83,2019-11-06,10.37,10.37,9.86,10.37,142820
84,2019-11-07,10.37,10.37,9.86,10.28,180310
85,2019-11-08,10.28,10.28,9.81,10.18,177960
86,2019-11-11,10.18,10.18,9.72,9.91,136390
87,2019-11-12,9.63,9.91,9.44,9.72,165300
88,2019-11-13,9.72,9.72,9.26,9.35,198600
89,2019-11-14,9.4,9.44,9.21,9.35,31540
90,2019-11-15,9.26,9.35,9.15,9.35,71700
91,2019-11-18,9.35,9.44,9.03,9.44,209000
92,2019-11-19,9.44,9.72,9.04,9.49,254240
93,2019-11-20,9.54,10.14,9.26,10.14,114710
94,2019-11-21,10.14,10.83,10.14,10.14,131170
95,2019-11-22,10.14,10.37,9.49,9.49,121530
96,2019-11-25,9.58,9.72,9.07,9.63,126780
97,2019-11-26,9.63,9.63,9.26,9.63,70420
98,2019-11-27,9.63,10.28,9.26,10.28,132020
99,2019-11-28,10.56,10.56,9.77,9.77,40930
100,2019-11-29,9.81,9.95,9.26,9.95,258630
101,2019-12-02,9.95,9.95,9.49,9.95,147200
102,2019-12-03,9.95,10.0,9.44,9.91,135530
103,2019-12-04,9.91,10.56,9.26,10.05,404840
104,2019-12-05,10.18,10.18,9.58,10.0,77300
105,2019-12-06,10.0,10.0,9.54,9.68,107290
106,2019-12-09,9.77,9.77,9.26,9.63,561850
107,2019-12-10,9.63,9.63,9.25,9.58,311520
108,2019-12-11,9.58,9.58,9.26,9.49,169010
109,2019-12-12,9.63,9.63,9.24,9.49,339180
110,2019-12-13,9.49,9.63,9.24,9.54,365340
111,2019-12-16,9.54,9.54,9.26,9.54,408460
112,2019-12-17,9.26,9.54,9.26,9.44,299030
113,2019-12-18,9.26,9.49,9.26,9.44,327300
114,2019-12-19,9.44,10.09,9.26,10.09,743320
115,2019-12-20,10.79,10.79,10.65,10.79,243310
116,2019-12-23,11.53,11.53,11.53,11.53,201310
117,2019-12-24,12.31,12.31,12.22,12.31,388480
118,2019-12-25,12.31,13.15,11.67,13.15,350470
119,2019-12-26,14.03,14.03,14.03,14.03,159250
120,2019-12-27,14.03,15.0,14.03,15.0,265940
121,2019-12-30,14.35,16.02,14.35,16.02,357330
122,2019-12-31,17.13,17.13,14.91,15.05,320670
123,2020-01-02,14.21,16.06,14.17,16.06,78630
124,2020-01-03,17.18,17.18,17.18,17.18,121890
125,2020-01-06,18.19,18.33,16.06,18.33,177460
126,2020-01-07,19.58,19.58,17.59,19.58,139870
127,2020-01-08,18.24,20.83,18.24,18.38,266640
128,2020-01-09,19.49,19.63,19.49,19.63,33540
129,2020-01-10,20.97,20.97,19.49,20.97,147420
130,2020-01-13,22.41,22.41,22.41,22.41,75720
131,2020-01-14,23.93,23.93,23.93,23.93,16030
132,2020-01-15,25.6,25.6,25.6,25.6,28770
133,2020-01-16,27.36,27.36,26.39,27.36,201000
134,2020-01-17,29.26,29.26,28.24,29.26,164740
135,2020-01-20,31.3,31.3,31.3,31.3,50540
136,2020-01-21,33.47,33.47,33.47,33.47,33400
137,2020-01-22,35.79,35.79,35.79,35.79,23700
138,2020-01-30,38.29,38.29,38.29,38.29,16600
139,2020-01-31,40.92,40.92,40.92,40.92,39420
140,2020-02-03,43.7,43.75,38.1,43.75,208900
141,2020-02-04,46.76,46.76,46.67,46.76,154760
142,2020-02-05,50.0,50.0,50.0,50.0,84520
143,2020-02-06,53.42,53.42,53.42,53.42,65240
144,2020-02-07,57.13,57.13,57.13,57.13,21580
145,2020-02-10,61.11,61.11,53.24,56.57,455780
146,2020-02-11,58.33,58.33,52.78,55.65,335230
147,2020-02-12,52.22,59.54,52.22,57.41,306650
148,2020-02-13,54.81,61.39,54.81,61.02,214560
149,2020-02-14,64.81,65.09,61.29,64.81,131750
150,2020-02-17,67.96,69.35,66.2,69.16,238470
151,2020-02-18,73.98,73.98,73.98,73.98,121160
152,2020-02-19,79.07,79.07,76.76,76.85,137890
153,2020-02-20,81.2,81.2,75.0,75.92,132880
154,2020-02-21,77.78,78.79,77.78,78.61,79150
155,2020-02-24,77.78,78.33,73.42,75.92,252100
156,2020-02-25,76.66,81.2,76.66,80.55,177780
157,2020-02-26,84.26,85.74,84.26,85.65,118100
158,2020-02-27,89.35,89.9,87.96,89.81,214600
159,2020-02-28,92.59,95.55,92.59,95.46,255820
160,2020-03-02,99.07,100.0,92.96,95.0,344110
161,2020-03-03,96.76,101.29,96.76,101.2,194310
162,2020-03-04,106.48,107.96,105.46,107.87,277960
163,2020-03-05,107.4,113.89,104.9,113.89,282270
164,2020-03-06,113.89,119.26,111.11,113.52,326450
165,2020-03-09,118.33,120.46,118.33,120.46,338970
166,2020-03-10,125.0,127.77,118.52,127.77,367930
167,2020-03-11,125.92,131.48,125.92,127.77,357430
168,2020-03-12,128.05,134.26,126.48,127.31,283380
169,2020-03-13,125.46,128.7,125.37,127.22,353090
170,2020-03-16,127.5,129.63,127.5,129.26,369680
171,2020-03-17,127.31,129.63,127.31,129.07,395690
172,2020-03-18,130.55,132.87,130.55,132.68,165460
173,2020-03-19,134.26,136.11,129.63,131.29,376110
174,2020-03-20,131.01,131.29,129.63,131.11,231210
175,2020-03-23,122.4,130.83,122.4,122.4,498220
176,2020-03-24,114.44,117.59,114.44,114.44,372250
177,2020-03-25,115.74,122.22,115.74,121.29,249330
178,2020-03-26,125.0,128.61,122.31,123.61,130530
179,2020-03-27,121.29,123.98,121.29,122.96,51470
180,2020-03-30,116.66,120.37,116.66,118.05,163440
181,2020-03-31,119.26,121.29,116.66,119.44,92810
182,2020-04-01,122.22,122.22,116.66,121.29,116870
183,2020-04-03,121.29,125.09,121.29,125.0,83250
184,2020-04-06,127.77,127.77,125.92,127.31,61990
185,2020-04-07,127.31,129.63,127.31,129.63,57490
186,2020-04-08,133.33,133.33,129.63,131.01,98740
187,2020-04-09,131.01,133.51,131.01,133.51,57480
188,2020-04-10,133.7,136.85,133.7,134.9,89410
189,2020-04-13,135.92,135.92,130.18,131.57,110230
190,2020-04-14,132.4,132.4,129.72,131.11,62150
191,2020-04-15,130.64,133.33,130.64,132.03,35840
192,2020-04-16,131.57,134.26,131.57,132.96,64050
193,2020-04-17,133.24,134.81,133.24,134.72,52640
194,2020-04-20,134.72,140.64,134.72,140.64,61000
195,2020-04-21,140.64,143.42,131.57,133.33,97460
196,2020-04-22,133.33,135.0,130.55,133.33,55370
197,2020-04-23,133.33,138.79,133.33,135.0,61120
198,2020-04-24,135.0,136.85,135.0,136.76,51890
199,2020-04-27,136.76,140.74,136.76,138.24,49980
200,2020-04-28,141.11,141.11,135.46,137.22,45610
201,2020-04-29,133.51,137.77,133.51,135.55,74950
202,2020-05-04,136.94,140.74,136.94,138.7,52700
203,2020-05-05,138.88,141.66,138.88,141.29,93290
204,2020-05-06,143.05,144.63,143.05,144.53,128790
205,2020-05-07,148.14,148.98,138.98,140.27,176650
206,2020-05-08,140.27,144.44,140.27,141.85,61590
207,2020-05-11,141.85,144.9,141.85,143.51,41690
208,2020-05-12,143.51,144.81,138.88,140.55,109400
209,2020-05-13,140.55,142.4,140.55,142.22,69480
210,2020-05-14,142.59,142.59,137.03,138.88,54730
211,2020-05-15,140.0,141.57,139.16,141.48,99830
212,2020-05-18,138.88,142.5,138.88,140.64,34290
213,2020-05-19,141.48,141.48,138.88,139.53,43740
214,2020-05-20,138.88,140.92,138.88,139.53,30420
215,2020-05-21,140.27,140.27,138.88,139.63,90350
216,2020-05-22,139.63,139.81,138.88,138.88,42540
217,2020-05-25,138.88,139.81,138.24,138.88,50940
218,2020-05-26,138.88,139.81,138.88,139.81,40990
219,2020-05-27,138.88,141.11,138.88,139.35,26580
220,2020-05-28,139.81,140.74,139.63,140.27,47390
221,2020-05-29,140.74,140.74,139.63,139.9,136220
222,2020-06-01,140.18,141.2,140.18,141.2,86500
223,2020-06-02,142.03,142.13,141.57,142.13,59160
224,2020-06-03,143.98,143.98,142.5,143.05,42720
225,2020-06-04,144.35,144.35,143.42,143.88,77830
226,2020-06-05,143.88,148.14,143.88,144.44,14770
227,2020-06-08,148.14,148.14,144.72,144.9,17940
228,2020-06-09,144.9,154.63,144.9,145.27,19930
229,2020-06-10,154.9,154.9,139.81,145.55,32070
230,2020-06-11,145.55,150.0,145.09,145.83,48300
231,2020-06-12,140.74,147.22,140.74,141.29,33800
232,2020-06-15,141.29,143.51,141.29,141.66,14990
233,2020-06-16,141.48,143.51,141.48,141.94,16460
234,2020-06-17,143.51,146.29,141.48,141.48,138460
235,2020-06-18,143.51,143.51,139.81,140.74,46610
236,2020-06-19,140.74,144.44,140.74,141.01,20550
237,2020-06-22,140.27,144.35,139.9,140.27,22540
238,2020-06-23,141.66,141.66,139.63,141.48,30120
239,2020-06-24,143.05,143.05,141.76,141.76,46090
240,2020-06-25,143.05,143.05,139.9,140.27,20030
241,2020-06-26,140.27,143.51,140.27,141.38,23780
242,2020-06-29,143.51,143.51,141.38,142.5,24740
243,2020-06-30,143.42,143.42,139.9,140.74,28260
244,2020-07-01,143.42,143.51,141.2,141.2,18440
245,2020-07-02,142.96,142.96,141.57,141.57,13000
246,2020-07-03,141.57,142.59,140.37,140.37,31270
247,2020-07-06,143.05,143.05,140.74,140.83,28320
248,2020-07-07,142.87,142.87,140.09,140.18,19680
249,2020-07-08,142.59,142.59,140.0,140.0,24490
250,2020-07-09,141.66,141.66,140.27,140.46,18940
251,2020-07-10,140.46,142.13,140.27,140.46,25810
252,2020-07-13,140.46,142.59,140.46,140.92,26730
253,2020-07-14,142.13,142.13,140.18,140.55,37110
254,2020-07-15,140.55,142.22,140.55,141.11,37730
255,2020-07-16,141.94,141.94,141.2,141.38,16560
256,2020-07-17,140.92,142.03,140.92,141.38,29260
257,2020-07-20,141.38,149.9,140.92,141.2,21060
258,2020-07-21,147.96,147.96,141.29,141.66,17460
259,2020-07-22,147.22,147.22,140.0,140.37,36140
260,2020-07-23,141.66,150.09,140.0,140.09,21190
261,2020-07-24,148.14,148.14,139.81,140.0,20470
262,2020-07-27,142.13,142.13,139.35,139.63,39150
263,2020-07-28,142.03,142.03,139.26,140.64,35350
264,2020-07-29,141.66,141.66,140.09,140.37,45640
265,2020-07-30,142.96,142.96,140.64,140.83,35430
266,2020-07-31,143.42,143.42,141.11,141.2,35570
267,2020-08-03,142.59,142.59,141.76,141.76,26640
268,2020-08-04,144.44,144.44,142.03,142.03,15780
269,2020-08-05,143.51,144.44,141.01,141.01,23680
270,2020-08-06,150.46,150.55,140.37,141.01,34430
271,2020-08-07,148.14,148.14,140.37,141.38,14200
272,2020-08-10,146.29,146.29,141.57,141.76,18490
273,2020-08-11,147.22,147.22,140.83,140.92,28590
274,2020-08-12,143.42,143.42,140.92,140.92,30840
275,2020-08-13,141.29,142.03,141.11,141.29,48350
276,2020-08-14,141.29,148.14,140.74,141.01,37150
277,2020-08-17,145.37,145.37,140.74,140.92,39760
278,2020-08-18,144.44,144.44,140.37,141.2,42520
279,2020-08-19,141.2,143.42,140.74,141.66,30650
280,2020-08-20,142.5,142.5,140.74,141.38,63620
281,2020-08-21,141.38,142.4,141.38,141.85,65440
282,2020-08-24,144.26,144.26,140.83,142.22,89410
283,2020-08-25,140.83,142.96,140.83,142.22,96250
284,2020-08-26,141.66,143.51,141.48,141.76,90200
285,2020-08-27,141.76,143.51,141.48,141.48,93670
286,2020-08-28,142.5,142.5,141.85,141.85,44190
287,2020-08-31,142.5,142.5,141.94,142.13,37450
288,2020-09-01,142.13,147.22,141.2,142.31,44050
289,2020-09-03,146.29,146.29,142.5,142.5,31250
290,2020-09-04,140.83,143.51,140.83,141.01,26830
291,2020-09-07,144.44,144.44,141.38,141.38,32410
292,2020-09-08,141.38,144.44,141.38,141.48,46210
293,2020-09-09,144.07,144.07,140.55,140.74,27910
294,2020-09-10,143.42,143.42,141.11,141.11,33610
295,2020-09-11,142.5,142.5,140.64,141.11,27080
296,2020-09-14,142.4,142.4,141.48,141.48,32750
297,2020-09-15,140.09,143.05,140.09,140.37,34270
298,2020-09-16,141.94,142.03,140.55,140.64,57620
299,2020-09-17,143.05,143.05,140.09,140.55,63610
300,2020-09-18,142.87,142.87,140.74,141.29,69220
301,2020-09-21,142.68,142.68,140.74,141.66,31900
302,2020-09-22,140.46,142.31,140.46,140.64,41040
303,2020-09-23,143.42,144.35,141.66,144.35,50760
304,2020-09-24,151.2,151.2,144.26,144.26,22590
305,2020-09-25,147.87,147.96,145.83,146.76,26220
306,2020-09-28,148.14,148.14,147.22,147.77,19310
307,2020-09-29,150.27,150.27,148.24,148.61,19260
308,2020-09-30,150.0,150.0,148.51,148.51,23360
309,2020-10-01,151.11,151.11,148.33,149.81,25330
310,2020-10-02,151.85,151.85,149.63,149.63,49950
311,2020-10-05,151.94,151.94,150.18,151.66,24230
312,2020-10-06,153.7,153.7,151.57,151.57,21380
313,2020-10-07,153.51,153.51,151.29,151.57,26710
314,2020-10-08,153.7,153.7,151.38,153.51,42180
315,2020-10-09,156.75,159.25,153.33,153.51,35230
316,2020-10-12,157.31,157.31,153.14,153.51,31260
317,2020-10-13,154.63,154.63,153.33,153.33,30080
318,2020-10-14,154.81,154.81,152.87,153.33,17950
319,2020-10-15,153.33,157.13,153.14,156.94,134510
320,2020-10-16,156.94,162.03,156.75,161.85,192810
321,2020-10-19,162.03,172.03,162.03,172.03,185540
322,2020-10-20,175.46,183.24,171.75,171.75,266610
323,2020-10-21,171.57,173.61,171.38,171.57,190530
324,2020-10-22,171.57,173.14,171.38,172.87,355440
325,2020-10-23,172.87,174.72,172.31,172.68,365330
326,2020-10-26,172.68,175.27,172.4,175.27,576350
327,2020-10-27,175.09,179.35,174.72,178.05,262890
328,2020-10-28,177.77,179.81,177.59,177.77,294990
329,2020-10-29,177.12,179.53,177.12,177.5,478150
330,2020-10-30,177.5,179.16,177.5,177.5,393160
331,2020-11-02,177.5,180.55,177.5,177.77,417960
332,2020-11-03,177.77,180.83,177.59,177.59,659670
333,2020-11-04,177.59,179.62,177.31,178.14,723710
334,2020-11-05,178.14,180.55,177.87,178.05,694600
335,2020-11-06,178.05,180.64,177.77,178.24,669500
336,2020-11-09,178.24,179.99,178.24,178.51,526670
337,2020-11-10,178.51,180.27,178.51,178.51,222830
338,2020-11-11,178.51,179.99,178.51,178.51,46480
339,2020-11-12,178.51,180.37,178.42,178.51,26930
340,2020-11-13,178.51,180.64,178.51,178.7,8040
341,2020-11-16,178.7,180.74,178.33,178.42,10220
342,2020-11-17,178.42,181.48,178.42,178.79,5880
343,2020-11-18,178.79,181.75,178.61,178.79,9480
344,2020-11-19,178.79,180.74,178.51,178.51,24670
345,2020-11-20,178.42,180.27,178.42,178.88,34030
346,2020-11-23,181.29,181.29,178.61,179.07,14010
347,2020-11-24,178.79,181.01,178.79,178.79,6150
348,2020-11-25,178.33,180.92,178.33,179.16,7400
349,2020-11-26,179.16,179.16,178.79,179.16,6460
350,2020-11-27,180.55,180.55,179.16,179.25,5160
351,2020-11-30,179.25,180.64,178.88,178.98,6720
352,2020-12-01,178.79,180.74,178.42,178.7,4200
353,2020-12-02,178.7,180.55,178.42,178.7,3070
354,2020-12-03,178.7,180.09,178.7,178.79,2930
355,2020-12-04,178.79,180.83,178.79,178.98,3210
356,2020-12-07,180.55,180.55,178.79,179.16,2800
357,2020-12-08,179.07,180.37,178.79,178.79,4370
358,2020-12-09,178.79,180.55,178.79,178.98,2330
359,2020-12-10,178.98,180.55,178.98,178.98,2900
360,2020-12-11,180.83,180.83,178.98,179.25,3210
361,2020-12-14,180.64,180.64,179.25,179.44,2400
362,2020-12-15,179.44,180.83,178.88,178.88,2730
363,2020-12-16,178.88,180.55,178.79,179.07,5550
364,2020-12-17,179.07,180.74,179.07,179.07,1720
365,2020-12-18,180.37,180.64,179.07,180.64,1980
366,2020-12-21,182.03,182.03,180.64,180.74,2520
367,2020-12-22,180.74,181.57,180.74,181.01,2620
368,2020-12-23,181.11,181.94,181.11,181.11,2570
369,2020-12-24,181.11,182.03,180.92,180.92,1780
370,2020-12-25,180.92,181.94,180.92,181.01,1680
371,2020-12-28,181.01,182.03,181.01,181.29,2670
372,2020-12-29,181.29,182.31,180.92,181.85,7830
373,2020-12-30,181.85,182.59,181.85,181.85,1400
374,2020-12-31,181.94,182.4,181.94,182.22,1220
375,2021-01-04,182.22,183.42,182.22,182.31,2700
376,2021-01-05,181.66,183.61,181.48,181.48,3400
377,2021-01-06,181.48,182.96,181.48,181.48,2300
378,2021-01-07,181.48,183.14,180.83,180.83,2400
379,2021-01-08,180.83,182.49,180.83,181.01,2400
380,2021-01-11,181.01,182.59,181.01,181.2,3100
381,2021-01-12,181.38,182.49,181.38,181.38,1800
382,2021-01-13,181.38,182.77,181.38,181.38,2100
383,2021-01-14,181.38,182.96,180.64,180.64,1900
384,2021-01-15,180.74,182.49,180.74,180.74,1600
385,2021-01-18,180.74,182.68,180.74,181.11,1100
386,2021-01-19,181.11,182.77,180.64,180.64,1200
387,2021-01-20,180.64,182.22,180.64,180.83,1700
388,2021-01-21,180.83,182.4,180.83,181.01,1400
389,2021-01-22,181.01,182.59,180.83,180.83,1200
390,2021-01-25,180.55,181.85,180.37,180.37,4300
391,2021-01-26,179.9,181.94,179.81,179.81,2300
392,2021-01-27,181.29,181.29,179.25,179.62,2400
393,2021-01-28,179.62,181.11,179.16,179.16,3000
394,2021-01-29,178.7,179.16,178.51,179.07,1400
395,2021-02-01,178.7,180.55,178.7,180.55,3800
396,2021-02-02,179.81,181.29,179.81,180.27,3800
397,2021-02-03,181.29,181.29,179.81,180.18,2700
398,2021-02-04,179.9,180.83,179.72,180.09,3900
399,2021-02-05,179.72,180.74,179.62,179.99,5200
400,2021-02-08,179.99,180.83,179.9,179.9,4200
401,2021-02-09,179.72,180.46,179.62,179.81,3500
402,2021-02-17,179.62,180.55,179.62,179.72,1600
403,2021-02-18,179.62,181.2,179.62,181.01,1500
404,2021-02-19,180.55,181.01,180.55,180.92,1500
405,2021-02-22,180.64,180.92,180.55,180.83,1900
406,2021-02-23,180.55,180.83,180.55,180.64,1200
407,2021-02-24,180.55,181.48,180.27,180.64,2200
408,2021-02-25,180.64,180.64,180.55,180.55,1200
409,2021-02-26,180.55,180.55,180.37,180.37,1600
410,2021-03-01,180.37,181.11,180.09,180.09,1500
411,2021-03-02,180.09,181.29,179.9,181.29,1300
412,2021-03-03,181.29,181.29,180.55,181.11,1000
413,2021-03-04,181.11,181.57,180.55,180.92,1700
414,2021-03-05,180.92,180.92,180.55,180.83,1000
415,2021-03-08,180.83,181.57,180.37,181.57,1600
416,2021-03-09,181.48,181.48,181.48,181.48,900
417,2021-03-10,181.48,181.94,181.29,181.29,1200
418,2021-03-11,181.29,181.94,181.01,181.94,1100
419,2021-03-12,181.94,181.94,181.85,181.85,1200
420,2021-03-15,181.85,182.4,181.48,181.48,1400
421,2021-03-16,182.22,182.22,181.29,181.29,1300
422,2021-03-17,181.94,181.94,181.2,181.94,1000
423,2021-03-18,181.94,181.94,181.85,181.85,800
424,2021-03-19,181.85,181.85,181.75,181.75,1100
425,2021-03-22,181.75,181.75,181.48,181.48,1100
426,2021-03-23,181.48,181.48,179.72,179.72,2000
427,2021-03-24,179.72,179.72,178.51,178.51,1900
428,2021-03-25,178.51,178.51,177.77,177.77,1200
429,2021-03-26,177.77,177.77,177.77,177.77,1300
430,2021-03-29,178.51,178.51,177.4,177.4,1400
431,2021-03-30,177.4,177.4,177.22,177.22,1700
432,2021-03-31,177.87,177.87,177.03,177.03,1400
433,2021-04-01,177.03,177.03,176.85,176.85,1100
434,2021-04-02,176.85,176.85,176.57,176.57,1000
435,2021-04-05,176.57,177.12,176.38,177.12,1600
436,2021-04-06,177.68,177.68,177.03,177.03,1400
437,2021-04-07,177.03,177.03,176.94,176.94,1100
438,2021-04-08,176.94,177.4,176.85,177.4,1400
439,2021-04-09,177.31,177.31,177.22,177.22,1200
440,2021-04-12,177.22,177.22,177.12,177.12,1300
441,2021-04-13,177.03,177.03,176.94,176.94,900
442,2021-04-14,176.94,176.94,176.85,176.85,1200
443,2021-04-15,176.85,176.85,176.66,176.66,1200
444,2021-04-16,176.48,177.59,176.48,177.59,800
445,2021-04-19,177.5,177.5,177.4,177.4,1300
446,2021-04-20,177.22,177.22,177.22,177.22,700
447,2021-04-22,177.12,177.12,177.12,177.12,500
448,2021-04-23,177.12,177.77,177.03,177.77,1900
449,2021-04-26,177.68,177.68,177.59,177.59,1100
450,2021-04-27,177.5,177.5,177.4,177.4,800
451,2021-04-28,177.22,177.31,177.03,177.03,1700
452,2021-04-29,176.94,176.94,176.94,176.94,900
453,2021-05-04,176.85,176.85,176.85,176.85,800
454,2021-05-05,176.75,177.68,176.66,177.68,1000
455,2021-05-06,177.59,177.59,177.59,177.59,400
456,2021-05-07,177.5,177.5,177.4,177.4,600
457,2021-05-10,177.31,177.31,177.31,177.31,300
458,2021-05-11,177.03,177.03,177.03,177.03,500
459,2021-05-12,176.85,178.79,176.85,178.79,700
460,2021-05-13,178.7,178.7,178.7,178.7,600
461,2021-05-14,178.51,178.61,178.51,178.61,400
462,2021-05-17,178.61,178.61,178.51,178.51,300
463,2021-05-18,178.51,178.51,178.42,178.51,400
464,2021-05-19,178.98,178.98,178.42,178.42,300
465,2021-05-20,178.33,179.07,178.33,179.07,400
466,2021-05-21,178.88,178.88,178.88,178.88,300
467,2021-05-24,178.88,178.88,178.51,178.88,600
468,2021-05-25,178.79,178.79,178.7,178.7,400
469,2021-05-26,179.25,179.25,178.61,178.61,300
470,2021-05-27,178.51,179.35,178.51,179.35,400
471,2021-05-28,179.35,179.35,179.25,179.25,300
472,2021-05-31,179.16,179.16,179.16,179.16,200
473,2021-06-01,179.16,179.16,179.07,179.07,300
474,2021-06-02,178.98,178.98,178.88,178.88,200
475,2021-06-03,178.79,178.79,178.79,178.79,200
476,2021-06-04,178.7,178.7,178.61,178.61,200
477,2021-06-07,178.51,179.72,178.51,179.72,300
478,2021-06-08,179.62,179.62,179.53,179.53,200
479,2021-06-09,179.44,179.44,179.35,179.35,200
480,2021-06-10,179.25,179.9,179.25,179.9,300
481,2021-06-11,179.81,179.81,179.81,179.81,200
482,2021-06-14,179.81,179.81,179.62,179.62,200
483,2021-06-15,179.62,179.62,179.44,179.44,300
484,2021-06-16,179.35,180.09,179.25,180.09,300
485,2021-06-17,180.09,180.09,179.99,179.99,200
486,2021-06-18,179.99,179.99,179.81,179.81,200
487,2021-06-21,179.72,180.37,179.72,180.37,300
488,2021-06-22,180.18,181.01,180.18,181.01,300
489,2021-06-23,181.01,181.01,180.92,181.01,300
490,2021-06-24,180.92,180.92,180.83,180.83,200
491,2021-06-25,180.74,180.74,180.74,180.74,200
492,2021-06-28,180.74,180.74,180.64,180.64,200
493,2021-06-29,180.64,180.64,180.55,180.55,200
494,2021-06-30,181.01,181.01,180.55,180.55,200
495,2021-07-01,180.55,180.55,180.46,180.46,200
496,2021-07-02,180.46,180.46,180.37,180.37,300
497,2021-07-05,180.37,181.01,180.27,181.01,300
498,2021-07-06,181.01,181.01,180.92,180.92,200
499,2021-07-07,180.92,180.92,180.64,180.74,1300
500,2021-07-08,180.64,180.64,180.64,180.64,100
501,2021-07-09,180.64,180.64,180.64,180.64,100
502,2021-07-12,180.64,180.64,180.46,180.46,400
503,2021-07-13,180.46,180.46,180.27,180.27,300
504,2021-07-14,180.18,180.18,180.18,180.18,100
505,2021-07-15,180.09,180.18,180.09,180.18,500
506,2021-07-16,180.18,180.18,180.09,180.09,1100
507,2021-07-19,179.99,179.99,179.9,179.9,500
508,2021-07-20,179.81,179.81,179.81,179.81,200
509,2021-07-21,179.72,179.72,179.62,179.62,300
510,2021-07-22,179.53,179.53,179.53,179.53,100
511,2021-07-23,179.44,179.44,179.35,179.35,200
512,2021-07-26,179.25,180.74,179.16,180.74,700
513,2021-07-27,180.64,180.64,180.64,180.64,200
514,2021-07-28,180.55,180.55,180.46,180.46,300
515,2021-07-29,180.83,180.83,180.37,180.37,300
516,2021-07-30,180.37,180.37,180.27,180.27,200
517,2021-08-02,180.09,180.09,180.09,180.09,300
518,2021-08-03,179.99,179.99,179.9,179.9,200
519,2021-08-04,179.9,179.9,179.81,179.81,200
520,2021-08-05,179.62,179.62,179.62,179.62,200
521,2021-08-06,179.62,179.62,179.44,179.44,300
522,2021-08-09,179.25,179.25,179.25,179.25,200
523,2021-08-10,179.25,181.11,179.16,181.11,300
524,2021-08-11,181.01,181.01,180.92,180.92,200
525,2021-08-12,180.92,180.92,180.74,180.92,300
526,2021-08-13,180.83,180.83,180.74,180.74,200
527,2021-08-16,180.74,180.74,180.64,180.64,300
528,2021-08-17,180.64,180.64,180.55,180.55,200
529,2021-08-18,180.55,180.55,180.46,180.46,200
530,2021-08-19,180.46,180.46,180.37,180.37,200
531,2021-08-20,180.37,180.37,180.18,180.18,200
532,2021-08-23,180.09,180.09,179.99,179.99,200
533,2021-08-24,179.9,179.9,179.81,179.81,300
534,2021-08-25,179.81,181.29,179.72,181.29,300
535,2021-08-26,181.2,181.2,181.11,181.11,200
536,2021-08-27,181.11,181.11,181.01,181.01,200
537,2021-08-30,180.92,180.92,180.83,180.83,200
538,2021-08-31,180.74,180.74,180.64,180.64,200
539,2021-09-01,180.64,180.64,180.37,180.37,200
540,2021-09-06,180.18,180.18,180.09,180.09,200
541,2021-09-07,179.9,179.9,179.9,179.9,300
542,2021-09-08,179.81,179.81,179.81,179.81,300
543,2021-09-09,179.72,179.72,179.62,179.62,200
544,2021-09-10,179.25,179.25,179.16,179.16,200
545,2021-09-13,178.88,178.88,178.79,178.79,200
546,2021-09-14,178.79,178.79,178.7,178.7,200
547,2021-09-15,178.7,180.18,178.51,180.18,300
548,2021-09-16,180.18,180.18,180.09,180.09,200
549,2021-09-17,179.99,179.99,179.81,179.81,200
550,2021-09-20,179.72,179.72,179.62,179.62,200
551,2021-09-21,179.44,179.44,179.35,179.35,200
552,2021-09-22,179.35,179.35,179.25,179.25,200
553,2021-09-23,179.25,181.29,179.16,181.29,300
554,2021-09-24,181.29,181.29,181.29,181.29,100
555,2021-09-27,181.2,181.29,181.11,181.29,500
556,2021-09-28,181.29,181.29,181.2,181.2,400
557,2021-09-29,181.48,181.48,181.11,181.11,200
558,2021-09-30,181.01,181.01,180.92,180.92,200
559,2021-10-01,180.92,180.92,180.74,180.74,200
560,2021-10-04,180.74,180.74,180.55,180.55,200
561,2021-10-05,180.55,180.55,180.37,180.55,300
562,2021-10-06,181.29,181.29,180.37,180.37,300
563,2021-10-07,180.37,180.37,180.27,180.27,300
564,2021-10-08,180.27,180.27,180.27,180.27,100
565,2021-10-11,180.27,180.27,180.09,180.09,200
566,2021-10-12,179.99,179.99,179.99,179.99,1200
567,2021-10-13,179.99,179.99,179.9,179.9,200
568,2021-10-14,179.9,179.9,179.9,179.9,100
569,2021-10-15,179.81,179.81,179.62,179.62,2800
570,2021-10-18,179.62,179.62,179.53,179.53,200
571,2021-10-19,179.44,179.44,179.35,179.35,200
572,2021-10-20,179.35,181.75,179.16,181.75,300
573,2021-10-21,181.75,181.75,181.57,181.57,200
574,2021-10-22,181.57,181.57,181.48,181.48,400
575,2021-10-25,181.38,181.38,181.29,181.29,200
576,2021-10-26,181.29,181.29,181.11,181.11,200
577,2021-10-27,181.01,182.31,180.92,182.31,300
578,2021-10-28,182.22,182.22,182.12,182.12,1200
579,2021-10-29,182.12,182.12,181.94,181.94,200
580,2021-11-01,181.94,181.94,181.85,181.85,200
581,2021-11-02,181.75,181.75,181.48,181.48,800
582,2021-11-03,181.48,181.48,181.38,181.38,200
583,2021-11-04,181.29,181.29,181.2,181.2,200
584,2021-11-05,181.2,181.2,181.11,181.11,200
585,2021-11-08,181.11,181.11,181.01,181.01,200
586,2021-11-09,181.01,181.01,180.83,180.83,200
587,2021-11-10,180.83,182.12,180.74,182.12,500
588,2021-11-11,182.03,182.03,181.57,181.57,1000
589,2021-11-12,181.57,181.57,181.48,181.48,200
590,2021-11-15,181.48,181.48,181.38,181.38,200
591,2021-11-16,181.38,181.38,181.2,181.38,300
592,2021-11-17,181.38,182.12,181.29,182.12,300
593,2021-11-18,182.03,182.03,181.94,181.94,200
594,2021-11-19,181.85,181.94,181.75,181.85,700
595,2021-11-22,181.85,181.85,181.75,181.75,200
596,2021-11-23,181.66,181.66,181.48,181.48,300
597,2021-11-24,181.38,181.48,181.29,181.48,300
598,2021-11-25,181.48,181.48,181.38,181.38,200
599,2021-11-26,181.29,181.29,181.2,181.29,300
600,2021-11-29,181.29,181.29,181.2,181.2,200
601,2021-11-30,181.11,181.11,180.83,180.83,400
602,2021-12-01,180.83,180.83,180.55,180.55,400
603,2021-12-02,180.55,182.12,180.37,182.12,300
604,2021-12-03,182.03,182.03,181.94,181.94,200
605,2021-12-06,181.94,181.94,181.66,181.66,300
606,2021-12-07,181.66,181.66,181.57,181.57,200
607,2021-12-08,181.57,181.57,181.57,181.57,100
608,2021-12-09,181.57,181.57,181.48,181.48,200
609,2021-12-10,181.48,181.48,181.29,181.29,700
610,2021-12-13,181.2,181.2,181.11,181.11,200
611,2021-12-14,181.11,182.03,181.01,182.03,300
612,2021-12-15,181.94,181.94,181.85,181.85,200
613,2021-12-16,181.85,181.85,181.75,181.75,200
614,2021-12-17,181.66,181.66,181.57,181.57,200
615,2021-12-20,181.57,181.57,181.48,181.48,200
616,2021-12-21,181.38,181.38,181.29,181.29,200
617,2021-12-22,181.29,181.75,181.2,181.29,1400
618,2021-12-23,181.29,182.12,181.2,182.12,300
619,2021-12-24,182.03,182.03,181.94,181.94,400
620,2021-12-27,181.94,181.94,181.66,181.66,1000
621,2021-12-28,181.57,181.57,181.48,181.57,300
622,2021-12-29,181.57,181.57,181.48,181.48,200
623,2021-12-30,181.38,182.22,181.29,182.22,300
624,2021-12-31,182.12,182.12,182.03,182.03,200
625,2022-01-04,182.03,182.03,181.94,181.94,200
626,2022-01-05,181.85,181.85,181.75,181.75,200
627,2022-01-06,181.66,182.12,181.57,181.75,1700
628,2022-01-07,181.66,181.66,181.57,181.66,1200
629,2022-01-10,181.57,181.66,181.48,181.66,1200
630,2022-01-11,181.38,181.38,181.38,181.38,1000
631,2022-01-12,181.2,181.2,180.92,180.92,4300
632,2022-01-13,180.83,180.83,180.55,180.55,2900
633,2022-01-14,193.0,193.0,193.0,193.0,1000
634,2022-01-17,192.9,192.9,192.8,192.8,1800
635,2022-01-18,192.7,195.7,192.5,195.7,3000
636,2022-01-19,195.6,195.6,195.4,195.4,700
637,2022-01-20,195.3,195.3,195.1,195.1,800
638,2022-01-21,195.1,195.1,194.9,194.9,400
639,2022-01-24,194.8,194.8,194.5,194.5,800
640,2022-01-25,194.4,194.4,194.2,194.2,700
641,2022-01-26,194.2,195.6,194.0,195.6,900
642,2022-01-27,195.5,195.5,195.3,195.3,700
643,2022-01-28,195.2,195.2,195.0,195.0,600
644,2022-02-07,194.9,194.9,194.8,194.8,300
645,2022-02-08,194.7,194.7,194.6,194.6,400
646,2022-02-09,194.6,194.6,194.5,194.5,300
647,2022-02-10,195.0,196.2,194.4,196.2,500
648,2022-02-11,196.1,196.1,196.0,196.0,400
649,2022-02-14,196.0,196.0,195.8,195.8,400
650,2022-02-15,195.8,195.8,195.7,195.7,300
651,2022-02-16,195.7,196.8,195.6,196.8,400
652,2022-02-17,196.8,196.8,196.7,196.7,200
653,2022-02-18,196.6,196.6,196.5,196.5,300
654,2022-02-21,196.5,196.5,196.4,196.4,200
655,2022-02-22,196.3,196.3,196.2,196.2,200
656,2022-02-23,196.1,196.1,196.0,196.0,200
657,2022-02-24,196.0,196.0,195.8,195.8,200
658,2022-02-25,195.8,195.8,195.6,195.6,200
659,2022-02-28,195.6,195.6,195.3,195.3,700
660,2022-03-01,195.3,195.3,195.2,195.2,200
661,2022-03-02,196.7,196.7,195.1,195.1,200
662,2022-03-03,196.8,196.8,195.0,195.0,200
663,2022-03-04,196.7,196.7,195.0,195.0,200
664,2022-03-07,196.7,196.7,194.8,194.8,200
665,2022-03-08,194.8,196.9,194.7,196.9,300
666,2022-03-09,196.8,196.8,196.7,196.7,200
667,2022-03-10,196.7,196.7,196.6,196.6,200
668,2022-03-11,196.7,196.7,196.6,196.6,200
669,2022-03-14,196.6,196.6,196.5,196.5,200
670,2022-03-15,196.4,196.4,196.3,196.3,200
671,2022-03-16,196.2,196.2,196.1,196.1,200
672,2022-03-17,196.1,196.1,196.0,196.0,200
673,2022-03-18,196.0,196.0,195.9,195.9,200
674,2022-03-21,195.9,195.9,195.5,195.5,1100
675,2022-03-22,195.5,195.5,195.4,195.4,200
676,2022-03-23,195.4,195.4,195.3,195.3,200
677,2022-03-24,195.3,196.6,195.2,196.6,300
678,2022-03-25,196.6,196.6,196.4,196.4,300
679,2022-03-28,196.4,196.4,196.4,196.4,0
680,2022-03-29,196.4,196.4,196.4,196.4,0
681,2022-03-30,196.4,196.4,196.4,196.4,0
682,2022-03-31,196.4,196.4,196.4,196.4,0
683,2022-04-01,196.4,196.4,196.4,196.4,0
684,2022-04-04,196.4,196.4,196.4,196.4,0
685,2022-04-05,196.4,196.4,196.4,196.4,0
686,2022-04-06,196.4,196.4,196.4,196.4,0
687,2022-04-07,196.4,196.4,196.4,196.4,0
688,2022-04-08,196.4,196.4,196.4,196.4,0
689,2022-04-12,196.4,196.4,196.4,196.4,0
690,2022-04-13,196.4,196.4,196.4,196.4,0
691,2022-04-14,196.4,196.4,196.4,196.4,0
692,2022-04-15,196.4,196.4,196.4,196.4,0
693,2022-04-18,196.4,196.4,196.4,196.4,0
694,2022-04-19,196.4,196.4,196.4,196.4,0
695,2022-04-20,196.4,196.4,196.4,196.4,0
696,2022-04-21,196.4,196.4,196.4,196.4,0
697,2022-04-22,196.4,196.4,196.4,196.4,0
698,2022-04-25,196.4,196.4,196.4,196.4,0
699,2022-04-26,196.4,196.4,196.4,196.4,0
700,2022-04-27,196.4,196.4,196.4,196.4,0
701,2022-04-28,196.4,196.4,196.4,196.4,0
702,2022-04-29,196.4,196.4,196.4,196.4,0
703,2022-05-04,196.4,196.4,196.4,196.4,0
704,2022-05-05,196.4,196.4,196.4,196.4,0
705,2022-05-06,196.4,196.4,196.4,196.4,0
706,2022-05-09,196.4,196.4,196.4,196.4,0
707,2022-05-10,196.4,196.4,196.4,196.4,0
708,2022-05-11,196.4,196.4,196.4,196.4,0
709,2022-05-12,196.4,196.4,196.4,196.4,0
710,2022-05-13,196.4,196.4,196.4,196.4,0
711,2022-05-16,196.4,196.4,196.4,196.4,0
712,2022-05-17,196.4,196.4,196.4,196.4,0
713,2022-05-18,196.4,196.4,196.4,196.4,0
714,2022-05-19,196.4,196.4,196.4,196.4,0
715,2022-05-20,196.4,196.4,196.4,196.4,0
716,2022-05-23,196.4,196.4,196.4,196.4,0
717,2022-05-24,196.4,196.4,196.4,196.4,0
718,2022-05-25,196.4,196.4,196.4,196.4,0
719,2022-05-26,196.4,196.4,196.4,196.4,0
720,2022-05-27,196.4,196.4,196.4,196.4,0
721,2022-05-30,196.4,196.4,196.4,196.4,0
722,2022-05-31,196.4,196.4,196.4,196.4,0
723,2022-06-01,196.4,196.4,196.4,196.4,0
724,2022-06-02,196.4,196.4,196.4,196.4,0
725,2022-06-03,196.4,196.4,196.4,196.4,0
726,2022-06-06,196.4,196.4,196.4,196.4,0
727,2022-06-07,196.4,196.4,196.4,196.4,0
728,2022-06-08,196.4,196.4,196.4,196.4,0
729,2022-06-09,196.4,196.4,196.4,196.4,0
730,2022-06-10,196.4,196.4,196.4,196.4,0
731,2022-06-13,196.4,196.4,196.4,196.4,0
732,2022-06-14,196.4,196.4,196.4,196.4,0
733,2022-06-15,196.4,196.4,196.4,196.4,0
734,2022-06-16,196.4,196.4,196.4,196.4,0
735,2022-06-17,196.4,196.4,196.4,196.4,0
736,2022-06-20,196.4,196.4,196.4,196.4,0
737,2022-06-21,196.4,196.4,196.4,196.4,0
738,2022-06-22,196.4,196.4,196.4,196.4,0
739,2022-06-23,196.4,196.4,196.4,196.4,0
740,2022-06-24,196.4,196.4,196.4,196.4,0
741,2022-06-27,196.4,196.4,196.4,196.4,0
742,2022-06-28,196.4,196.4,196.4,196.4,0
743,2022-06-29,196.4,196.4,196.4,196.4,0
744,2022-06-30,196.4,196.4,196.4,196.4,0
745,2022-07-01,196.4,196.4,196.4,196.4,0
746,2022-07-04,196.4,196.4,196.4,196.4,0
747,2022-07-05,196.4,196.4,196.4,196.4,0
748,2022-07-06,196.4,196.4,196.4,196.4,0
749,2022-07-07,196.4,196.4,196.4,196.4,0
750,2022-07-08,196.4,196.4,196.4,196.4,0
751,2022-07-11,196.4,196.4,196.4,196.4,0
752,2022-07-12,196.4,196.4,196.4,196.4,0
753,2022-07-13,196.4,196.4,196.4,196.4,0
754,2022-07-14,196.4,196.4,196.4,196.4,0
755,2022-07-15,196.4,196.4,196.4,196.4,0
756,2022-07-18,196.4,196.4,196.4,196.4,0
757,2022-07-19,196.4,196.4,196.4,196.4,0
758,2022-07-20,196.4,196.4,196.4,196.4,0
759,2022-07-21,196.4,196.4,196.4,196.4,0
760,2022-07-22,196.4,196.4,196.4,196.4,0
761,2022-07-25,196.4,196.4,196.4,196.4,0
762,2022-07-26,196.4,196.4,196.4,196.4,0
763,2022-07-27,196.4,196.4,196.4,196.4,0
764,2022-07-28,196.4,196.4,196.4,196.4,0
765,2022-07-29,196.4,196.4,196.4,196.4,0
766,2022-08-01,196.4,196.4,196.4,196.4,0
767,2022-08-02,196.4,196.4,196.4,196.4,0
768,2022-08-03,196.4,196.4,196.4,196.4,0
769,2022-08-04,196.4,196.4,196.4,196.4,0
770,2022-08-05,196.4,196.4,196.4,196.4,0
771,2022-08-08,196.4,196.4,196.4,196.4,0
772,2022-08-09,196.4,196.4,196.4,196.4,0
773,2022-08-10,196.4,196.4,196.4,196.4,0
774,2022-08-11,196.4,196.4,196.4,196.4,0
775,2022-08-12,196.4,196.4,196.4,196.4,0
776,2022-08-15,196.4,196.4,196.4,196.4,0
777,2022-08-16,196.4,196.4,196.4,196.4,0
778,2022-08-17,196.4,196.4,196.4,196.4,0
779,2022-08-18,196.4,196.4,196.4,196.4,0
780,2022-08-19,196.4,196.4,196.4,196.4,0
781,2022-08-22,196.4,196.4,196.4,196.4,0
782,2022-08-23,196.4,196.4,196.4,196.4,0
783,2022-08-24,196.4,196.4,196.4,196.4,0
784,2022-08-25,196.4,196.4,196.4,196.4,0
785,2022-08-26,196.4,196.4,196.4,196.4,0
786,2022-08-29,196.4,196.4,196.4,196.4,0
787,2022-08-30,196.4,196.4,196.4,196.4,0
788,2022-08-31,196.4,196.4,196.4,196.4,0
789,2022-09-05,196.4,196.4,196.4,196.4,0
790,2022-09-06,196.4,196.4,196.4,196.4,0
791,2022-09-07,196.4,196.4,196.4,196.4,0
792,2022-09-08,196.4,196.4,196.4,196.4,0
793,2022-09-09,196.4,196.4,196.4,196.4,0
794,2022-09-12,196.4,196.4,196.4,196.4,0
795,2022-09-13,196.4,196.4,196.4,196.4,0
796,2022-09-14,196.4,196.4,196.4,196.4,0
797,2022-09-15,196.4,196.4,196.4,196.4,0
798,2022-09-16,196.4,196.4,196.4,196.4,0
799,2022-09-19,196.4,196.4,196.4,196.4,0
800,2022-09-20,196.4,196.4,196.4,196.4,0
801,2022-09-21,196.4,196.4,196.4,196.4,0
802,2022-09-22,196.4,196.4,196.4,196.4,0
803,2022-09-23,196.4,196.4,196.4,196.4,0
804,2022-09-26,196.4,196.4,196.4,196.4,0
805,2022-09-27,196.4,196.4,196.4,196.4,0
806,2022-09-28,196.4,196.4,196.4,196.4,0
807,2022-09-29,196.4,196.4,196.4,196.4,0
808,2022-09-30,196.4,196.4,196.4,196.4,0
809,2022-10-03,196.4,196.4,196.4,196.4,0
810,2022-10-04,196.4,196.4,196.4,196.4,0
811,2022-10-05,196.4,196.4,196.4,196.4,0
812,2022-10-06,196.4,196.4,196.4,196.4,0
813,2022-10-07,196.4,196.4,196.4,196.4,0
814,2022-10-10,196.4,196.4,196.4,196.4,0
815,2022-10-11,196.4,196.4,196.4,196.4,0
816,2022-10-12,196.4,196.4,196.4,196.4,0
817,2022-10-13,196.4,196.4,196.4,196.4,0
818,2022-10-14,196.4,196.4,196.4,196.4,0
819,2022-10-17,196.4,196.4,196.4,196.4,0
820,2022-10-18,196.4,196.4,196.4,196.4,0
821,2022-10-19,196.4,196.4,196.4,196.4,0
822,2022-10-20,196.4,196.4,196.4,196.4,0
823,2022-10-21,196.4,196.4,196.4,196.4,0
824,2022-10-24,196.4,196.4,196.4,196.4,0
825,2022-10-25,196.4,196.4,196.4,196.4,0
826,2022-10-26,196.4,196.4,196.4,196.4,0
827,2022-10-27,196.4,196.4,196.4,196.4,0
828,2022-10-28,196.4,196.4,196.4,196.4,0
829,2022-10-31,196.4,196.4,196.4,196.4,0
830,2022-11-01,196.4,196.4,196.4,196.4,0
831,2022-11-02,196.4,196.4,196.4,196.4,0
832,2022-11-03,196.4,196.4,196.4,196.4,0
833,2022-11-04,196.4,196.4,196.4,196.4,0
834,2022-11-07,196.4,196.4,196.4,196.4,0
835,2022-11-08,196.4,196.4,196.4,196.4,0
836,2022-11-09,196.4,196.4,196.4,196.4,0
837,2022-11-10,196.4,196.4,196.4,196.4,0
838,2022-11-11,196.4,196.4,196.4,196.4,0
839,2022-11-14,196.4,196.4,196.4,196.4,0
840,2022-11-15,196.4,196.4,196.4,196.4,0
841,2022-11-16,196.4,196.4,196.4,196.4,0
842,2022-11-17,196.4,196.4,196.4,196.4,0
843,2022-11-18,196.4,196.4,196.4,196.4,0
844,2022-11-21,196.4,196.4,196.4,196.4,0
845,2022-11-22,196.4,196.4,196.4,196.4,0
846,2022-11-23,196.4,196.4,196.4,196.4,0
847,2022-11-24,196.4,196.4,196.4,196.4,0
848,2022-11-25,196.4,196.4,196.4,196.4,0
849,2022-11-28,196.4,196.4,196.4,196.4,0
850,2022-11-29,196.4,196.4,196.4,196.4,0
851,2022-11-30,196.4,196.4,196.4,196.4,0
852,2022-12-01,196.4,196.4,196.4,196.4,0
853,2022-12-02,196.4,196.4,196.4,196.4,0
854,2022-12-05,196.4,196.4,196.4,196.4,0
855,2022-12-06,196.4,196.4,196.4,196.4,0
856,2022-12-07,196.4,196.4,196.4,196.4,0
857,2022-12-08,196.4,196.4,196.4,196.4,0
858,2022-12-09,196.4,196.4,196.4,196.4,0
859,2022-12-12,196.4,196.4,196.4,196.4,0
860,2022-12-13,196.4,196.4,196.4,196.4,0
861,2022-12-14,196.4,196.4,196.4,196.4,0
862,2022-12-15,196.4,196.4,196.4,196.4,0
863,2022-12-16,196.4,196.4,196.4,196.4,0
864,2022-12-19,196.4,196.4,196.4,196.4,0
865,2022-12-20,196.4,196.4,196.4,196.4,0
866,2022-12-21,196.4,196.4,196.4,196.4,0
867,2022-12-22,196.4,196.4,196.4,196.4,0
868,2022-12-23,196.4,196.4,196.4,196.4,0
869,2022-12-26,196.4,196.4,196.4,196.4,0
870,2022-12-27,196.4,196.4,196.4,196.4,0
871,2022-12-28,196.4,196.4,196.4,196.4,0
872,2022-12-29,196.4,196.4,196.4,196.4,0
873,2022-12-30,196.4,196.4,196.4,196.4,0
874,2023-01-03,196.4,196.4,196.4,196.4,0
875,2023-01-04,196.4,196.4,196.4,196.4,0
876,2023-01-05,196.4,196.4,196.4,196.4,0
877,2023-01-06,196.4,196.4,196.4,196.4,0
878,2023-01-09,196.4,196.4,196.4,196.4,0
879,2023-01-10,196.4,196.4,196.4,196.4,0
880,2023-01-11,196.4,196.4,196.4,196.4,0
881,2023-01-12,196.4,196.4,196.4,196.4,0
882,2023-01-13,196.4,196.4,196.4,196.4,0
883,2023-01-16,196.4,196.4,196.4,196.4,0
884,2023-01-17,196.4,196.4,196.4,196.4,0
885,2023-01-18,196.4,196.4,196.4,196.4,0
886,2023-01-19,196.4,196.4,196.4,196.4,0
887,2023-01-27,196.4,196.4,196.4,196.4,1
888,2023-01-30,196.4,196.4,196.4,196.4,0
889,2023-01-31,196.4,196.4,196.4,196.4,0
890,2023-02-01,196.4,196.4,196.4,196.4,0
891,2023-02-02,196.4,196.4,196.4,196.4,0
892,2023-02-03,196.4,196.4,196.4,196.4,0
893,2023-02-06,196.4,196.4,196.4,196.4,0
894,2023-02-07,196.4,196.4,196.4,196.4,0
895,2023-02-08,196.4,196.4,196.4,196.4,0
896,2023-02-09,196.4,196.4,196.4,196.4,0
897,2023-02-10,196.4,196.4,196.4,196.4,0
898,2023-02-13,196.4,196.4,196.4,196.4,0
899,2023-02-14,196.4,196.4,196.4,196.4,0
900,2023-02-15,196.4,196.4,196.4,196.4,0
901,2023-02-16,196.4,196.4,196.4,196.4,0
902,2023-02-17,196.4,196.4,196.4,196.4,0
903,2023-02-20,196.4,196.4,196.4,196.4,0
904,2023-02-21,196.4,196.4,196.4,196.4,0
905,2023-02-22,196.4,196.4,196.4,196.4,0
906,2023-02-23,196.4,196.4,196.4,196.4,0
907,2023-02-24,196.4,196.4,196.4,196.4,0
908,2023-02-27,196.4,196.4,196.4,196.4,0
909,2023-02-28,196.4,196.4,196.4,196.4,0
910,2023-03-01,196.4,196.4,196.4,196.4,0
911,2023-03-02,196.4,196.4,196.4,196.4,0
912,2023-03-03,196.4,196.4,196.4,196.4,0
913,2023-03-06,196.4,196.4,196.4,196.4,0
914,2023-03-07,196.4,196.4,196.4,196.4,0
915,2023-03-08,196.4,196.4,196.4,196.4,0
916,2023-03-09,196.4,196.4,196.4,196.4,0
917,2023-03-10,196.4,196.4,196.4,196.4,0
918,2023-03-13,196.4,196.4,196.4,196.4,0
919,2023-03-14,196.4,196.4,196.4,196.4,0
920,2023-03-15,196.4,196.4,196.4,196.4,0
921,2023-03-16,196.4,196.4,196.4,196.4,0
922,2023-03-17,196.4,196.4,196.4,196.4,0
923,2023-03-20,196.4,196.4,196.4,196.4,0
924,2023-03-21,196.4,196.4,196.4,196.4,0
925,2023-03-22,196.4,196.4,196.4,196.4,0
926,2023-03-23,196.4,196.4,196.4,196.4,0
927,2023-03-24,196.4,196.4,196.4,196.4,0
928,2023-03-27,196.4,196.4,196.4,196.4,0
929,2023-03-28,196.4,196.4,196.4,196.4,0
930,2023-03-29,196.4,196.4,196.4,196.4,0
931,2023-03-30,196.4,196.4,196.4,196.4,0
932,2023-03-31,196.4,196.4,196.4,196.4,0
933,2023-04-03,196.4,196.4,196.4,196.4,0
934,2023-04-04,196.4,196.4,196.4,196.4,0
935,2023-04-05,196.4,196.4,196.4,196.4,0
936,2023-04-06,196.4,196.4,196.4,196.4,0
937,2023-04-07,196.4,196.4,196.4,196.4,0
938,2023-04-10,196.4,196.4,196.4,196.4,0
939,2023-04-11,196.4,196.4,196.4,196.4,0
940,2023-04-12,196.4,196.4,196.4,196.4,0
941,2023-04-13,196.4,196.4,196.4,196.4,0
942,2023-04-14,196.4,196.4,196.4,196.4,0
943,2023-04-17,196.4,196.4,196.4,196.4,0
944,2023-04-18,196.4,196.4,196.4,196.4,0
945,2023-04-19,196.4,196.4,196.4,196.4,0
946,2023-04-20,196.4,196.4,196.4,196.4,0
947,2023-04-21,196.4,196.4,196.4,196.4,0
948,2023-04-24,196.4,196.4,196.4,196.4,0
949,2023-04-25,196.4,196.4,196.4,196.4,0
950,2023-04-26,196.4,196.4,196.4,196.4,0
951,2023-04-27,196.4,196.4,196.4,196.4,0
952,2023-04-28,196.4,196.4,196.4,196.4,0
953,2023-05-04,196.4,196.4,196.4,196.4,0
954,2023-05-05,196.4,196.4,196.4,196.4,0
955,2023-05-08,196.4,196.4,196.4,196.4,0
956,2023-05-09,196.4,196.4,196.4,196.4,0
957,2023-05-10,196.4,196.4,196.4,196.4,0
958,2023-05-11,196.4,196.4,196.4,196.4,0
959,2023-05-12,196.4,196.4,196.4,196.4,0
960,2023-05-15,196.4,196.4,196.4,196.4,0
961,2023-05-16,196.4,196.4,196.4,196.4,0
962,2023-05-17,196.4,196.4,196.4,196.4,0
963,2023-05-18,196.4,196.4,196.4,196.4,0
964,2023-05-19,196.4,196.4,196.4,196.4,0
965,2023-05-22,196.4,196.4,196.4,196.4,0
966,2023-05-23,196.4,196.4,196.4,196.4,0
967,2023-05-24,196.4,196.4,196.4,196.4,0
968,2023-05-25,196.4,196.4,196.4,196.4,0
969,2023-05-26,196.4,196.4,196.4,196.4,0
970,2023-05-29,196.4,196.4,196.4,196.4,0
971,2023-05-30,196.4,196.4,196.4,196.4,0
972,2023-05-31,196.4,196.4,196.4,196.4,0
973,2023-06-01,196.4,196.4,196.4,196.4,0
974,2023-06-02,196.4,196.4,196.4,196.4,0
975,2023-06-05,196.4,196.4,196.4,196.4,0
976,2023-06-06,196.4,196.4,196.4,196.4,0
977,2023-06-07,196.4,196.4,196.4,196.4,0
978,2023-06-08,196.4,196.4,196.4,196.4,0
979,2023-06-09,196.4,196.4,196.4,196.4,0
980,2023-06-12,196.4,196.4,196.4,196.4,0
981,2023-06-13,196.4,196.4,196.4,196.4,0
982,2023-06-14,196.4,196.4,196.4,196.4,0
983,2023-06-15,196.4,196.4,196.4,196.4,0
984,2023-06-16,196.4,196.4,196.4,196.4,0
985,2023-06-19,196.4,196.4,196.4,196.4,0
986,2023-06-20,196.4,196.4,196.4,196.4,0
987,2023-06-21,196.4,196.4,196.4,196.4,0
988,2023-06-22,196.4,196.4,196.4,196.4,0
989,2023-06-23,196.4,196.4,196.4,196.4,0
990,2023-06-26,196.4,196.4,196.4,196.4,0
991,2023-06-27,196.4,196.4,196.4,196.4,0
992,2023-06-28,196.4,196.4,196.4,196.4,0
993,2023-06-29,196.4,196.4,196.4,196.4,0
994,2023-06-30,196.4,196.4,196.4,196.4,0
995,2023-07-03,196.4,196.4,196.4,196.4,0
996,2023-07-04,196.4,196.4,196.4,196.4,0
997,2023-07-05,196.4,196.4,196.4,196.4,0
998,2023-07-06,196.4,196.4,196.4,196.4,0
999,2023-07-19,196.4,196.4,196.4,196.4,0
1000,2023-07-20,196.4,196.4,196.4,196.4,0
1001,2023-07-21,196.4,196.4,196.4,196.4,0
1002,2023-07-24,196.4,196.4,196.4,196.4,0
1003,2023-07-25,196.4,196.4,196.4,196.4,0
1004,2023-07-26,196.4,196.4,196.4,196.4,0
1005,2023-07-27,196.4,196.4,196.4,196.4,0
1006,2023-07-28,196.4,196.4,196.4,196.4,0
1007,2023-07-31,196.4,196.4,196.4,196.4,0
1008,2023-08-01,196.4,196.4,196.4,196.4,0
1009,2023-08-02,196.4,196.4,196.4,196.4,0
1010,2023-08-03,196.4,196.4,196.4,196.4,0
1011,2023-08-04,196.4,196.4,196.4,196.4,0
1012,2023-08-07,196.4,196.4,196.4,196.4,0
1013,2023-08-08,196.4,196.4,196.4,196.4,0
1014,2023-08-09,196.4,196.4,196.4,196.4,0
1015,2023-08-10,196.4,196.4,196.4,196.4,0
1016,2023-08-11,196.4,196.4,196.4,196.4,0
1017,2023-08-14,196.4,196.4,196.4,196.4,0
1018,2023-08-15,196.4,196.4,196.4,196.4,0
1019,2023-08-16,196.4,196.4,196.4,196.4,0
1020,2023-08-17,196.4,196.4,196.4,196.4,0
1021,2023-08-18,196.4,196.4,196.4,196.4,0
1022,2023-08-21,196.4,196.4,196.4,196.4,0
1023,2023-08-22,196.4,196.4,196.4,196.4,0
1024,2023-08-23,196.4,196.4,196.4,196.4,0
1025,2023-08-24,196.4,196.4,196.4,196.4,0
1026,2023-08-25,196.4,196.4,196.4,196.4,0
1027,2023-08-28,196.4,196.4,196.4,196.4,0
1028,2023-08-29,196.4,196.4,196.4,196.4,0
1029,2023-08-30,196.4,196.4,196.4,196.4,0
1030,2023-08-31,196.4,196.4,196.4,196.4,0
1031,2023-09-05,196.4,196.4,196.4,196.4,0
1032,2023-09-06,196.4,196.4,196.4,196.4,0
1033,2023-09-07,196.4,196.4,196.4,196.4,0
1034,2023-09-08,196.4,196.4,196.4,196.4,0
1035,2023-09-11,196.4,196.4,196.4,196.4,0
1036,2023-09-12,196.4,196.4,196.4,196.4,0
1037,2023-09-13,196.4,196.4,196.4,196.4,0
1038,2023-09-14,196.4,196.4,196.4,196.4,0
1039,2023-09-15,196.4,196.4,196.4,196.4,0
1040,2023-09-18,196.4,196.4,196.4,196.4,0
1041,2023-09-19,196.4,196.4,196.4,196.4,0
1042,2023-09-20,196.4,196.4,196.4,196.4,0
1043,2023-09-21,196.4,196.4,196.4,196.4,0
1044,2023-09-22,196.4,196.4,196.4,196.4,0
1045,2023-09-25,196.4,196.4,196.4,196.4,0
1046,2023-09-26,196.4,196.4,196.4,196.4,0
1047,2023-09-27,196.4,196.4,196.4,196.4,0
1048,2023-09-28,196.4,196.4,196.4,196.4,0
1049,2023-09-29,196.4,196.4,196.4,196.4,0
1050,2023-10-02,196.4,196.4,196.4,196.4,0
1051,2023-10-03,196.4,196.4,196.4,196.4,0
1052,2023-10-04,196.4,196.4,196.4,196.4,0
1053,2023-10-05,196.4,196.4,196.4,196.4,0
1054,2023-10-06,196.4,196.4,196.4,196.4,0
1055,2023-10-09,196.4,196.4,196.4,196.4,0
1056,2023-10-10,196.4,196.4,196.4,196.4,0
1057,2023-10-11,196.4,196.4,196.4,196.4,0
1058,2023-10-12,196.4,196.4,196.4,196.4,0
1059,2023-10-13,196.4,196.4,196.4,196.4,0
1060,2023-10-16,196.4,196.4,196.4,196.4,0
1061,2023-10-17,196.4,196.4,196.4,196.4,0
1062,2023-10-18,196.4,196.4,196.4,196.4,0
1063,2023-10-19,196.4,196.4,196.4,196.4,0
1064,2023-10-20,196.4,196.4,196.4,196.4,0
1065,2023-10-23,196.4,196.4,196.4,196.4,0
1066,2023-10-24,196.4,196.4,196.4,196.4,0
1067,2023-10-25,196.4,196.4,196.4,196.4,0
1068,2023-10-26,196.4,196.4,196.4,196.4,0
1069,2023-10-27,196.4,196.4,196.4,196.4,0
1070,2023-10-30,196.4,196.4,196.4,196.4,0
1071,2023-10-31,196.4,196.4,196.4,196.4,0
1072,2023-11-01,196.4,196.4,196.4,196.4,0
1073,2023-11-02,196.4,196.4,196.4,196.4,0
1074,2023-11-03,196.4,196.4,196.4,196.4,0
1075,2023-11-06,196.4,196.4,196.4,196.4,0
1076,2023-11-07,196.4,196.4,196.4,196.4,0
1077,2023-11-08,196.4,196.4,196.4,196.4,0
1078,2023-11-09,196.4,196.4,196.4,196.4,0
1079,2023-11-10,196.4,196.4,196.4,196.4,0
1080,2023-11-13,196.4,196.4,196.4,196.4,0
1081,2023-11-14,196.4,196.4,196.4,196.4,0
1082,2023-11-15,196.4,196.4,196.4,196.4,0
1083,2023-11-16,196.4,196.4,196.4,196.4,0
1084,2023-11-17,196.4,196.4,196.4,196.4,0
1085,2023-11-20,196.4,196.4,196.4,196.4,0
1086,2023-11-21,196.4,196.4,196.4,196.4,0
1087,2023-11-22,196.4,196.4,196.4,196.4,0
1088,2023-11-23,196.4,196.4,196.4,196.4,0
1089,2023-11-24,196.4,196.4,196.4,196.4,0
1090,2023-11-27,196.4,196.4,196.4,196.4,0
1091,2023-11-28,196.4,196.4,196.4,196.4,0
1092,2023-11-29,196.4,196.4,196.4,196.4,0
1093,2023-11-30,196.4,196.4,196.4,196.4,0
1094,2023-12-01,196.4,196.4,196.4,196.4,0
1095,2023-12-04,196.4,196.4,196.4,196.4,0
1096,2023-12-05,196.4,196.4,196.4,196.4,0
1097,2023-12-06,196.4,196.4,196.4,196.4,0
1098,2023-12-07,196.4,196.4,196.4,196.4,0
1099,2023-12-08,196.4,196.4,196.4,196.4,0
1100,2023-12-11,196.4,196.4,196.4,196.4,0
1101,2023-12-12,196.4,196.4,196.4,196.4,0
1102,2023-12-13,196.4,196.4,196.4,196.4,0
1103,2023-12-14,196.4,196.4,196.4,196.4,0
1104,2023-12-15,196.4,196.4,196.4,196.4,0
1105,2023-12-18,196.4,196.4,196.4,196.4,0
1106,2023-12-19,196.4,196.4,196.4,196.4,0
1107,2023-12-20,196.4,196.4,196.4,196.4,0
1108,2023-12-21,196.4,196.4,196.4,196.4,0
1109,2023-12-22,196.4,196.4,196.4,196.4,0
1110,2023-12-25,196.4,196.4,196.4,196.4,0
1111,2023-12-26,196.4,196.4,196.4,196.4,0
1112,2023-12-27,196.4,196.4,196.4,196.4,0
1113,2023-12-28,196.4,196.4,196.4,196.4,0
1114,2023-12-29,196.4,196.4,196.4,196.4,0
1115,2024-01-02,196.4,196.4,196.4,196.4,0
1116,2024-01-03,196.4,196.4,196.4,196.4,0
1117,2024-01-04,196.4,196.4,196.4,196.4,0
1118,2024-01-05,196.4,196.4,196.4,196.4,0
1119,2024-01-08,196.4,196.4,196.4,196.4,0
1120,2024-01-09,196.4,196.4,196.4,196.4,0
1121,2024-01-10,196.4,196.4,196.4,196.4,0
1122,2024-01-11,196.4,196.4,196.4,196.4,0
1123,2024-01-12,196.4,196.4,196.4,196.4,0
1124,2024-01-15,196.4,196.4,196.4,196.4,0
1125,2024-01-16,196.4,196.4,196.4,196.4,0
1126,2024-01-17,196.4,196.4,196.4,196.4,0
1127,2024-01-18,196.4,196.4,196.4,196.4,0
1128,2024-01-19,196.4,196.4,196.4,196.4,0
1129,2024-01-22,196.4,196.4,196.4,196.4,0
1130,2024-01-23,196.4,196.4,196.4,196.4,0
1131,2024-01-24,196.4,196.4,196.4,196.4,0
1132,2024-01-25,196.4,196.4,196.4,196.4,0
1133,2024-01-26,196.4,196.4,196.4,196.4,0
1134,2024-01-29,196.4,196.4,196.4,196.4,0
1135,2024-01-30,196.4,196.4,196.4,196.4,0
1136,2024-01-31,196.4,196.4,196.4,196.4,0
1137,2024-02-01,196.4,196.4,196.4,196.4,0
1138,2024-02-02,196.4,196.4,196.4,196.4,0
1139,2024-02-05,196.4,196.4,196.4,196.4,0
1140,2024-02-06,196.4,196.4,196.4,196.4,0
1141,2024-02-07,196.4,196.4,196.4,196.4,0
1142,2024-02-15,196.4,196.4,196.4,196.4,0
1143,2024-02-16,196.4,196.4,196.4,196.4,0
1144,2024-02-19,196.4,196.4,196.4,196.4,0
1145,2024-02-20,196.4,196.4,196.4,196.4,0
1146,2024-02-21,196.4,196.4,196.4,196.4,0
1147,2024-02-22,196.4,196.4,196.4,196.4,0
1148,2024-02-23,196.4,196.4,196.4,196.4,0
1149,2024-02-26,196.4,196.4,196.4,196.4,0
1150,2024-02-27,196.4,196.4,196.4,196.4,0
1151,2024-02-28,196.4,196.4,196.4,196.4,0
1152,2024-02-29,196.4,196.4,196.4,196.4,0
1153,2024-03-01,196.4,196.4,196.4,196.4,0
1154,2024-03-04,196.4,196.4,196.4,196.4,0
1155,2024-03-05,196.4,196.4,196.4,196.4,0
1156,2024-03-06,196.4,196.4,196.4,196.4,0
1157,2024-03-07,196.4,196.4,196.4,196.4,0
1158,2024-03-08,196.4,196.4,196.4,196.4,0
1159,2024-03-11,196.4,196.4,196.4,196.4,0
1160,2024-03-12,196.4,196.4,196.4,196.4,0
1161,2024-03-13,196.4,196.4,196.4,196.4,0
1162,2024-03-14,196.4,196.4,196.4,196.4,0
1163,2024-03-15,196.4,196.4,196.4,196.4,0
1164,2024-03-18,196.4,196.4,196.4,196.4,0
1165,2024-03-19,196.4,196.4,196.4,196.4,0
1166,2024-03-20,196.4,196.4,196.4,196.4,0
1167,2024-03-21,196.4,196.4,196.4,196.4,0
1168,2024-03-22,196.4,196.4,196.4,196.4,0
1169,2024-03-25,196.4,196.4,196.4,196.4,0
1170,2024-03-26,196.4,196.4,196.4,196.4,0
1171,2024-03-27,196.4,196.4,196.4,196.4,0
1172,2024-03-28,196.4,196.4,196.4,196.4,0
1173,2024-03-29,196.4,196.4,196.4,196.4,0
1174,2024-04-01,196.4,196.4,196.4,196.4,0
1175,2024-04-02,196.4,196.4,196.4,196.4,0
1176,2024-04-03,196.4,196.4,196.4,196.4,0
1177,2024-04-04,196.4,196.4,196.4,196.4,0
1178,2024-04-05,196.4,196.4,196.4,196.4,0
1179,2024-04-08,196.4,196.4,196.4,196.4,0
1180,2024-04-09,196.4,196.4,196.4,196.4,0
1181,2024-04-10,196.4,196.4,196.4,196.4,0
1182,2024-04-11,196.4,196.4,196.4,196.4,0
1183,2024-04-12,196.4,196.4,196.4,196.4,0
1184,2024-04-15,196.4,196.4,196.4,196.4,0
1185,2024-04-16,196.4,196.4,196.4,196.4,0
1186,2024-04-17,196.4,196.4,196.4,196.4,0
1187,2024-04-19,196.4,196.4,196.4,196.4,0
1188,2024-04-22,196.4,196.4,196.4,196.4,0
1189,2024-04-23,196.4,196.4,196.4,196.4,0
1190,2024-04-24,196.4,196.4,196.4,196.4,0
1191,2024-04-25,196.4,196.4,196.4,196.4,0
1192,2024-04-26,196.4,196.4,196.4,196.4,0
1193,2024-05-02,196.4,196.4,196.4,196.4,0
1194,2024-05-03,196.4,196.4,196.4,196.4,0
1195,2024-05-06,196.4,196.4,196.4,196.4,0
1196,2024-05-07,196.4,196.4,196.4,196.4,0
1197,2024-05-08,196.4,196.4,196.4,196.4,0
1198,2024-05-09,196.4,196.4,196.4,196.4,0
1199,2024-05-10,196.4,196.4,196.4,196.4,0
1200,2024-05-13,196.4,196.4,196.4,196.4,0
1201,2024-05-14,196.4,196.4,196.4,196.4,0
1202,2024-05-15,196.4,196.4,196.4,196.4,0
1203,2024-05-16,196.4,196.4,196.4,196.4,0
1204,2024-05-17,196.4,196.4,196.4,196.4,0
1205,2024-05-20,196.4,196.4,196.4,196.4,0
1206,2024-05-21,196.4,196.4,196.4,196.4,0
1207,2024-05-22,196.4,196.4,196.4,196.4,0
1208,2024-05-23,196.4,196.4,196.4,196.4,0
1209,2024-05-24,196.4,196.4,196.4,196.4,0
1210,2024-05-27,196.4,196.4,196.4,196.4,0
1211,2024-05-28,196.4,196.4,196.4,196.4,0
1212,2024-05-29,196.4,196.4,196.4,196.4,0
1213,2024-05-30,196.4,196.4,196.4,196.4,0
1214,2024-05-31,196.4,196.4,196.4,196.4,0
1215,2024-06-03,196.4,196.4,196.4,196.4,0
1216,2024-06-04,196.4,196.4,196.4,196.4,0
1217,2024-06-05,196.4,196.4,196.4,196.4,0
1218,2024-06-06,196.4,196.4,196.4,196.4,0
1219,2024-06-07,196.4,196.4,196.4,196.4,0
1220,2024-06-10,196.4,196.4,196.4,196.4,0
1221,2024-06-11,196.4,196.4,196.4,196.4,0
1222,2024-06-12,196.4,196.4,196.4,196.4,0
1223,2024-06-13,196.4,196.4,196.4,196.4,0
1224,2024-06-14,196.4,196.4,196.4,196.4,0
1225,2024-06-17,196.4,196.4,196.4,196.4,0
1226,2024-06-18,196.4,196.4,196.4,196.4,0
1227,2024-06-19,196.4,196.4,196.4,196.4,0
1228,2024-06-20,196.4,196.4,196.4,196.4,0
1229,2024-06-21,196.4,196.4,196.4,196.4,0
1230,2024-06-24,196.4,196.4,196.4,196.4,0
1231,2024-06-25,196.4,196.4,196.4,196.4,0
1232,2024-06-26,196.4,196.4,196.4,196.4,0
1233,2024-06-27,196.4,196.4,196.4,196.4,0
1234,2024-06-28,196.4,196.4,196.4,196.4,0
1235,2024-07-01,196.4,196.4,196.4,196.4,0
1236,2024-07-02,196.4,196.4,196.4,196.4,0
1237,2024-07-03,196.4,196.4,196.4,196.4,0
1238,2024-07-04,196.4,196.4,196.4,196.4,0
1239,2024-07-05,196.4,196.4,196.4,196.4,0
1240,2024-07-08,196.4,196.4,196.4,196.4,0
1241,2024-07-09,196.4,196.4,196.4,196.4,0
1242,2024-07-10,196.4,196.4,196.4,196.4,0
1243,2024-07-11,196.4,196.4,196.4,196.4,0
1244,2024-07-12,196.4,196.4,196.4,196.4,0
1245,2024-07-15,196.4,196.4,196.4,196.4,0
1246,2024-07-16,196.4,196.4,196.4,196.4,0
1247,2024-07-17,196.4,196.4,196.4,196.4,0
1248,2024-07-18,196.4,196.4,196.4,196.4,0
1249,2024-07-19,196.4,196.4,196.4,196.4,0
1250,2024-07-22,196.4,196.4,196.4,196.4,0
1251,2024-07-23,196.4,196.4,196.4,196.4,0
1252,2024-07-24,196.4,196.4,196.4,196.4,0
1253,2024-07-25,196.4,196.4,196.4,196.4,0
